<application>
  <component name="ProjectJdkTable">
    <jdk version="2">
      <name value="21" />
      <type value="JavaSDK" />
      <version value="GraalVM 21.0.6 - VM 23.1.6" />
      <homePath value="C:/Software Engineering/Java/graalvm-jdk-21" />
      <roots>
        <annotationsPath>
          <root type="composite">
            <root url="jar://$APPLICATION_HOME_DIR$/plugins/java/lib/resources/jdkAnnotations.jar!/" type="simple" />
          </root>
        </annotationsPath>
        <classPath>
          <root type="composite">
            <root url="jrt://C:/Software Engineering/Java/graalvm-jdk-21!/com.oracle.graal.graal_enterprise" type="simple" />
            <root url="jrt://C:/Software Engineering/Java/graalvm-jdk-21!/com.oracle.svm.enterprise.truffle" type="simple" />
            <root url="jrt://C:/Software Engineering/Java/graalvm-jdk-21!/com.oracle.svm.extraimage_enterprise" type="simple" />
            <root url="jrt://C:/Software Engineering/Java/graalvm-jdk-21!/java.base" type="simple" />
            <root url="jrt://C:/Software Engineering/Java/graalvm-jdk-21!/java.compiler" type="simple" />
            <root url="jrt://C:/Software Engineering/Java/graalvm-jdk-21!/java.datatransfer" type="simple" />
            <root url="jrt://C:/Software Engineering/Java/graalvm-jdk-21!/java.desktop" type="simple" />
            <root url="jrt://C:/Software Engineering/Java/graalvm-jdk-21!/java.instrument" type="simple" />
            <root url="jrt://C:/Software Engineering/Java/graalvm-jdk-21!/java.logging" type="simple" />
            <root url="jrt://C:/Software Engineering/Java/graalvm-jdk-21!/java.management" type="simple" />
            <root url="jrt://C:/Software Engineering/Java/graalvm-jdk-21!/java.management.rmi" type="simple" />
            <root url="jrt://C:/Software Engineering/Java/graalvm-jdk-21!/java.naming" type="simple" />
            <root url="jrt://C:/Software Engineering/Java/graalvm-jdk-21!/java.net.http" type="simple" />
            <root url="jrt://C:/Software Engineering/Java/graalvm-jdk-21!/java.prefs" type="simple" />
            <root url="jrt://C:/Software Engineering/Java/graalvm-jdk-21!/java.rmi" type="simple" />
            <root url="jrt://C:/Software Engineering/Java/graalvm-jdk-21!/java.scripting" type="simple" />
            <root url="jrt://C:/Software Engineering/Java/graalvm-jdk-21!/java.se" type="simple" />
            <root url="jrt://C:/Software Engineering/Java/graalvm-jdk-21!/java.security.jgss" type="simple" />
            <root url="jrt://C:/Software Engineering/Java/graalvm-jdk-21!/java.security.sasl" type="simple" />
            <root url="jrt://C:/Software Engineering/Java/graalvm-jdk-21!/java.smartcardio" type="simple" />
            <root url="jrt://C:/Software Engineering/Java/graalvm-jdk-21!/java.sql" type="simple" />
            <root url="jrt://C:/Software Engineering/Java/graalvm-jdk-21!/java.sql.rowset" type="simple" />
            <root url="jrt://C:/Software Engineering/Java/graalvm-jdk-21!/java.transaction.xa" type="simple" />
            <root url="jrt://C:/Software Engineering/Java/graalvm-jdk-21!/java.xml" type="simple" />
            <root url="jrt://C:/Software Engineering/Java/graalvm-jdk-21!/java.xml.crypto" type="simple" />
            <root url="jrt://C:/Software Engineering/Java/graalvm-jdk-21!/jdk.accessibility" type="simple" />
            <root url="jrt://C:/Software Engineering/Java/graalvm-jdk-21!/jdk.attach" type="simple" />
            <root url="jrt://C:/Software Engineering/Java/graalvm-jdk-21!/jdk.charsets" type="simple" />
            <root url="jrt://C:/Software Engineering/Java/graalvm-jdk-21!/jdk.compiler" type="simple" />
            <root url="jrt://C:/Software Engineering/Java/graalvm-jdk-21!/jdk.crypto.cryptoki" type="simple" />
            <root url="jrt://C:/Software Engineering/Java/graalvm-jdk-21!/jdk.crypto.ec" type="simple" />
            <root url="jrt://C:/Software Engineering/Java/graalvm-jdk-21!/jdk.crypto.mscapi" type="simple" />
            <root url="jrt://C:/Software Engineering/Java/graalvm-jdk-21!/jdk.dynalink" type="simple" />
            <root url="jrt://C:/Software Engineering/Java/graalvm-jdk-21!/jdk.editpad" type="simple" />
            <root url="jrt://C:/Software Engineering/Java/graalvm-jdk-21!/jdk.graal.compiler" type="simple" />
            <root url="jrt://C:/Software Engineering/Java/graalvm-jdk-21!/jdk.graal.compiler.management" type="simple" />
            <root url="jrt://C:/Software Engineering/Java/graalvm-jdk-21!/jdk.hotspot.agent" type="simple" />
            <root url="jrt://C:/Software Engineering/Java/graalvm-jdk-21!/jdk.httpserver" type="simple" />
            <root url="jrt://C:/Software Engineering/Java/graalvm-jdk-21!/jdk.incubator.vector" type="simple" />
            <root url="jrt://C:/Software Engineering/Java/graalvm-jdk-21!/jdk.internal.ed" type="simple" />
            <root url="jrt://C:/Software Engineering/Java/graalvm-jdk-21!/jdk.internal.jvmstat" type="simple" />
            <root url="jrt://C:/Software Engineering/Java/graalvm-jdk-21!/jdk.internal.le" type="simple" />
            <root url="jrt://C:/Software Engineering/Java/graalvm-jdk-21!/jdk.internal.opt" type="simple" />
            <root url="jrt://C:/Software Engineering/Java/graalvm-jdk-21!/jdk.internal.vm.ci" type="simple" />
            <root url="jrt://C:/Software Engineering/Java/graalvm-jdk-21!/jdk.internal.vm.compiler" type="simple" />
            <root url="jrt://C:/Software Engineering/Java/graalvm-jdk-21!/jdk.internal.vm.compiler.management" type="simple" />
            <root url="jrt://C:/Software Engineering/Java/graalvm-jdk-21!/jdk.jartool" type="simple" />
            <root url="jrt://C:/Software Engineering/Java/graalvm-jdk-21!/jdk.javadoc" type="simple" />
            <root url="jrt://C:/Software Engineering/Java/graalvm-jdk-21!/jdk.jcmd" type="simple" />
            <root url="jrt://C:/Software Engineering/Java/graalvm-jdk-21!/jdk.jconsole" type="simple" />
            <root url="jrt://C:/Software Engineering/Java/graalvm-jdk-21!/jdk.jdeps" type="simple" />
            <root url="jrt://C:/Software Engineering/Java/graalvm-jdk-21!/jdk.jdi" type="simple" />
            <root url="jrt://C:/Software Engineering/Java/graalvm-jdk-21!/jdk.jdwp.agent" type="simple" />
            <root url="jrt://C:/Software Engineering/Java/graalvm-jdk-21!/jdk.jfr" type="simple" />
            <root url="jrt://C:/Software Engineering/Java/graalvm-jdk-21!/jdk.jlink" type="simple" />
            <root url="jrt://C:/Software Engineering/Java/graalvm-jdk-21!/jdk.jpackage" type="simple" />
            <root url="jrt://C:/Software Engineering/Java/graalvm-jdk-21!/jdk.jshell" type="simple" />
            <root url="jrt://C:/Software Engineering/Java/graalvm-jdk-21!/jdk.jsobject" type="simple" />
            <root url="jrt://C:/Software Engineering/Java/graalvm-jdk-21!/jdk.jstatd" type="simple" />
            <root url="jrt://C:/Software Engineering/Java/graalvm-jdk-21!/jdk.localedata" type="simple" />
            <root url="jrt://C:/Software Engineering/Java/graalvm-jdk-21!/jdk.management" type="simple" />
            <root url="jrt://C:/Software Engineering/Java/graalvm-jdk-21!/jdk.management.agent" type="simple" />
            <root url="jrt://C:/Software Engineering/Java/graalvm-jdk-21!/jdk.management.jfr" type="simple" />
            <root url="jrt://C:/Software Engineering/Java/graalvm-jdk-21!/jdk.naming.dns" type="simple" />
            <root url="jrt://C:/Software Engineering/Java/graalvm-jdk-21!/jdk.naming.rmi" type="simple" />
            <root url="jrt://C:/Software Engineering/Java/graalvm-jdk-21!/jdk.net" type="simple" />
            <root url="jrt://C:/Software Engineering/Java/graalvm-jdk-21!/jdk.nio.mapmode" type="simple" />
            <root url="jrt://C:/Software Engineering/Java/graalvm-jdk-21!/jdk.random" type="simple" />
            <root url="jrt://C:/Software Engineering/Java/graalvm-jdk-21!/jdk.sctp" type="simple" />
            <root url="jrt://C:/Software Engineering/Java/graalvm-jdk-21!/jdk.security.auth" type="simple" />
            <root url="jrt://C:/Software Engineering/Java/graalvm-jdk-21!/jdk.security.jgss" type="simple" />
            <root url="jrt://C:/Software Engineering/Java/graalvm-jdk-21!/jdk.unsupported" type="simple" />
            <root url="jrt://C:/Software Engineering/Java/graalvm-jdk-21!/jdk.unsupported.desktop" type="simple" />
            <root url="jrt://C:/Software Engineering/Java/graalvm-jdk-21!/jdk.xml.dom" type="simple" />
            <root url="jrt://C:/Software Engineering/Java/graalvm-jdk-21!/jdk.zipfs" type="simple" />
            <root url="jrt://C:/Software Engineering/Java/graalvm-jdk-21!/org.graalvm.collections" type="simple" />
            <root url="jrt://C:/Software Engineering/Java/graalvm-jdk-21!/org.graalvm.extraimage.builder" type="simple" />
            <root url="jrt://C:/Software Engineering/Java/graalvm-jdk-21!/org.graalvm.nativeimage" type="simple" />
            <root url="jrt://C:/Software Engineering/Java/graalvm-jdk-21!/org.graalvm.nativeimage.llvm" type="simple" />
            <root url="jrt://C:/Software Engineering/Java/graalvm-jdk-21!/org.graalvm.truffle.compiler" type="simple" />
            <root url="jrt://C:/Software Engineering/Java/graalvm-jdk-21!/org.graalvm.word" type="simple" />
          </root>
        </classPath>
        <javadocPath>
          <root type="composite" />
        </javadocPath>
        <sourcePath>
          <root type="composite">
            <root url="jar://C:/Software Engineering/Java/graalvm-jdk-21/lib/src.zip!/java.se" type="simple" />
            <root url="jar://C:/Software Engineering/Java/graalvm-jdk-21/lib/src.zip!/jdk.jdi" type="simple" />
            <root url="jar://C:/Software Engineering/Java/graalvm-jdk-21/lib/src.zip!/jdk.jfr" type="simple" />
            <root url="jar://C:/Software Engineering/Java/graalvm-jdk-21/lib/src.zip!/jdk.net" type="simple" />
            <root url="jar://C:/Software Engineering/Java/graalvm-jdk-21/lib/src.zip!/java.rmi" type="simple" />
            <root url="jar://C:/Software Engineering/Java/graalvm-jdk-21/lib/src.zip!/java.sql" type="simple" />
            <root url="jar://C:/Software Engineering/Java/graalvm-jdk-21/lib/src.zip!/java.xml" type="simple" />
            <root url="jar://C:/Software Engineering/Java/graalvm-jdk-21/lib/src.zip!/jdk.jcmd" type="simple" />
            <root url="jar://C:/Software Engineering/Java/graalvm-jdk-21/lib/src.zip!/jdk.sctp" type="simple" />
            <root url="jar://C:/Software Engineering/Java/graalvm-jdk-21/lib/src.zip!/java.base" type="simple" />
            <root url="jar://C:/Software Engineering/Java/graalvm-jdk-21/lib/src.zip!/jdk.jdeps" type="simple" />
            <root url="jar://C:/Software Engineering/Java/graalvm-jdk-21/lib/src.zip!/jdk.jlink" type="simple" />
            <root url="jar://C:/Software Engineering/Java/graalvm-jdk-21/lib/src.zip!/jdk.zipfs" type="simple" />
            <root url="jar://C:/Software Engineering/Java/graalvm-jdk-21/lib/src.zip!/java.prefs" type="simple" />
            <root url="jar://C:/Software Engineering/Java/graalvm-jdk-21/lib/src.zip!/jdk.attach" type="simple" />
            <root url="jar://C:/Software Engineering/Java/graalvm-jdk-21/lib/src.zip!/jdk.jshell" type="simple" />
            <root url="jar://C:/Software Engineering/Java/graalvm-jdk-21/lib/src.zip!/jdk.jstatd" type="simple" />
            <root url="jar://C:/Software Engineering/Java/graalvm-jdk-21/lib/src.zip!/jdk.random" type="simple" />
            <root url="jar://C:/Software Engineering/Java/graalvm-jdk-21/lib/src.zip!/java.naming" type="simple" />
            <root url="jar://C:/Software Engineering/Java/graalvm-jdk-21/lib/src.zip!/jdk.editpad" type="simple" />
            <root url="jar://C:/Software Engineering/Java/graalvm-jdk-21/lib/src.zip!/jdk.jartool" type="simple" />
            <root url="jar://C:/Software Engineering/Java/graalvm-jdk-21/lib/src.zip!/jdk.javadoc" type="simple" />
            <root url="jar://C:/Software Engineering/Java/graalvm-jdk-21/lib/src.zip!/jdk.xml.dom" type="simple" />
            <root url="jar://C:/Software Engineering/Java/graalvm-jdk-21/lib/src.zip!/java.desktop" type="simple" />
            <root url="jar://C:/Software Engineering/Java/graalvm-jdk-21/lib/src.zip!/java.logging" type="simple" />
            <root url="jar://C:/Software Engineering/Java/graalvm-jdk-21/lib/src.zip!/jdk.charsets" type="simple" />
            <root url="jar://C:/Software Engineering/Java/graalvm-jdk-21/lib/src.zip!/jdk.compiler" type="simple" />
            <root url="jar://C:/Software Engineering/Java/graalvm-jdk-21/lib/src.zip!/jdk.dynalink" type="simple" />
            <root url="jar://C:/Software Engineering/Java/graalvm-jdk-21/lib/src.zip!/jdk.jconsole" type="simple" />
            <root url="jar://C:/Software Engineering/Java/graalvm-jdk-21/lib/src.zip!/jdk.jpackage" type="simple" />
            <root url="jar://C:/Software Engineering/Java/graalvm-jdk-21/lib/src.zip!/jdk.jsobject" type="simple" />
            <root url="jar://C:/Software Engineering/Java/graalvm-jdk-21/lib/src.zip!/java.compiler" type="simple" />
            <root url="jar://C:/Software Engineering/Java/graalvm-jdk-21/lib/src.zip!/java.net.http" type="simple" />
            <root url="jar://C:/Software Engineering/Java/graalvm-jdk-21/lib/src.zip!/jdk.crypto.ec" type="simple" />
            <root url="jar://C:/Software Engineering/Java/graalvm-jdk-21/lib/src.zip!/java.scripting" type="simple" />
            <root url="jar://C:/Software Engineering/Java/graalvm-jdk-21/lib/src.zip!/jdk.httpserver" type="simple" />
            <root url="jar://C:/Software Engineering/Java/graalvm-jdk-21/lib/src.zip!/jdk.jdwp.agent" type="simple" />
            <root url="jar://C:/Software Engineering/Java/graalvm-jdk-21/lib/src.zip!/jdk.localedata" type="simple" />
            <root url="jar://C:/Software Engineering/Java/graalvm-jdk-21/lib/src.zip!/jdk.management" type="simple" />
            <root url="jar://C:/Software Engineering/Java/graalvm-jdk-21/lib/src.zip!/jdk.naming.dns" type="simple" />
            <root url="jar://C:/Software Engineering/Java/graalvm-jdk-21/lib/src.zip!/jdk.naming.rmi" type="simple" />
            <root url="jar://C:/Software Engineering/Java/graalvm-jdk-21/lib/src.zip!/java.instrument" type="simple" />
            <root url="jar://C:/Software Engineering/Java/graalvm-jdk-21/lib/src.zip!/java.management" type="simple" />
            <root url="jar://C:/Software Engineering/Java/graalvm-jdk-21/lib/src.zip!/java.sql.rowset" type="simple" />
            <root url="jar://C:/Software Engineering/Java/graalvm-jdk-21/lib/src.zip!/java.xml.crypto" type="simple" />
            <root url="jar://C:/Software Engineering/Java/graalvm-jdk-21/lib/src.zip!/jdk.internal.ed" type="simple" />
            <root url="jar://C:/Software Engineering/Java/graalvm-jdk-21/lib/src.zip!/jdk.internal.le" type="simple" />
            <root url="jar://C:/Software Engineering/Java/graalvm-jdk-21/lib/src.zip!/jdk.nio.mapmode" type="simple" />
            <root url="jar://C:/Software Engineering/Java/graalvm-jdk-21/lib/src.zip!/jdk.unsupported" type="simple" />
            <root url="jar://C:/Software Engineering/Java/graalvm-jdk-21/lib/src.zip!/java.smartcardio" type="simple" />
            <root url="jar://C:/Software Engineering/Java/graalvm-jdk-21/lib/src.zip!/jdk.internal.opt" type="simple" />
            <root url="jar://C:/Software Engineering/Java/graalvm-jdk-21/lib/src.zip!/org.graalvm.word" type="simple" />
            <root url="jar://C:/Software Engineering/Java/graalvm-jdk-21/lib/src.zip!/java.datatransfer" type="simple" />
            <root url="jar://C:/Software Engineering/Java/graalvm-jdk-21/lib/src.zip!/jdk.accessibility" type="simple" />
            <root url="jar://C:/Software Engineering/Java/graalvm-jdk-21/lib/src.zip!/jdk.crypto.mscapi" type="simple" />
            <root url="jar://C:/Software Engineering/Java/graalvm-jdk-21/lib/src.zip!/jdk.hotspot.agent" type="simple" />
            <root url="jar://C:/Software Engineering/Java/graalvm-jdk-21/lib/src.zip!/jdk.security.auth" type="simple" />
            <root url="jar://C:/Software Engineering/Java/graalvm-jdk-21/lib/src.zip!/jdk.security.jgss" type="simple" />
            <root url="jar://C:/Software Engineering/Java/graalvm-jdk-21/lib/src.zip!/java.security.jgss" type="simple" />
            <root url="jar://C:/Software Engineering/Java/graalvm-jdk-21/lib/src.zip!/java.security.sasl" type="simple" />
            <root url="jar://C:/Software Engineering/Java/graalvm-jdk-21/lib/src.zip!/jdk.graal.compiler" type="simple" />
            <root url="jar://C:/Software Engineering/Java/graalvm-jdk-21/lib/src.zip!/jdk.internal.vm.ci" type="simple" />
            <root url="jar://C:/Software Engineering/Java/graalvm-jdk-21/lib/src.zip!/jdk.management.jfr" type="simple" />
            <root url="jar://C:/Software Engineering/Java/graalvm-jdk-21/lib/src.zip!/java.management.rmi" type="simple" />
            <root url="jar://C:/Software Engineering/Java/graalvm-jdk-21/lib/src.zip!/java.transaction.xa" type="simple" />
            <root url="jar://C:/Software Engineering/Java/graalvm-jdk-21/lib/src.zip!/jdk.crypto.cryptoki" type="simple" />
            <root url="jar://C:/Software Engineering/Java/graalvm-jdk-21/lib/src.zip!/jdk.incubator.vector" type="simple" />
            <root url="jar://C:/Software Engineering/Java/graalvm-jdk-21/lib/src.zip!/jdk.internal.jvmstat" type="simple" />
            <root url="jar://C:/Software Engineering/Java/graalvm-jdk-21/lib/src.zip!/jdk.management.agent" type="simple" />
            <root url="jar://C:/Software Engineering/Java/graalvm-jdk-21/lib/src.zip!/jdk.unsupported.desktop" type="simple" />
            <root url="jar://C:/Software Engineering/Java/graalvm-jdk-21/lib/src.zip!/org.graalvm.collections" type="simple" />
            <root url="jar://C:/Software Engineering/Java/graalvm-jdk-21/lib/src.zip!/org.graalvm.nativeimage" type="simple" />
            <root url="jar://C:/Software Engineering/Java/graalvm-jdk-21/lib/src.zip!/jdk.internal.vm.compiler" type="simple" />
            <root url="jar://C:/Software Engineering/Java/graalvm-jdk-21/lib/src.zip!/org.graalvm.nativeimage.llvm" type="simple" />
            <root url="jar://C:/Software Engineering/Java/graalvm-jdk-21/lib/src.zip!/org.graalvm.truffle.compiler" type="simple" />
            <root url="jar://C:/Software Engineering/Java/graalvm-jdk-21/lib/src.zip!/jdk.graal.compiler.management" type="simple" />
            <root url="jar://C:/Software Engineering/Java/graalvm-jdk-21/lib/src.zip!/org.graalvm.extraimage.builder" type="simple" />
            <root url="jar://C:/Software Engineering/Java/graalvm-jdk-21/lib/src.zip!/com.oracle.graal.graal_enterprise" type="simple" />
            <root url="jar://C:/Software Engineering/Java/graalvm-jdk-21/lib/src.zip!/com.oracle.svm.enterprise.truffle" type="simple" />
            <root url="jar://C:/Software Engineering/Java/graalvm-jdk-21/lib/src.zip!/jdk.internal.vm.compiler.management" type="simple" />
            <root url="jar://C:/Software Engineering/Java/graalvm-jdk-21/lib/src.zip!/com.oracle.svm.extraimage_enterprise" type="simple" />
          </root>
        </sourcePath>
      </roots>
    </jdk>
  </component>
</application>