<application>
  <component name="LafManager">
    <laf themeId="dinbtechit-2179230b863b9b1d9f1eeb27ca4a3a70" />
    <lafs-to-previous-schemes>
      <laf-to-scheme laf="4f556d32-83cb-4b8b-9932-c4eccc4ce3af" scheme="_@user_One Dark Vivid" />
      <laf-to-scheme laf="ExperimentalDark" scheme="_@user_High contrast" />
      <laf-to-scheme laf="ExperimentalLight" scheme="_@user_Default" />
      <laf-to-scheme laf="com.github.catppuccin.macchiato.jetbrains" scheme="_@user_VSCode Dark" />
    </lafs-to-previous-schemes>
  </component>
</application>