<application>
  <component name="DimensionService">
    <location key="find.popup.0.0.1920.1200@120dpi" x="665" y="90" />
    <size key="GridCell.Tab.0.left.0.0.1920.1200@120dpi" width="1818" height="432" />
    <size key="GridCell.Tab.0.center.0.0.1920.1200@120dpi" width="1818" height="432" />
    <size key="GridCell.Tab.0.right.0.0.1920.1200@120dpi" width="1818" height="432" />
    <size key="GridCell.Tab.0.bottom.0.0.1920.1200@120dpi" width="1818" height="432" />
    <size key="GridCell.Tab.1.left.0.0.1920.1200@120dpi" width="1818" height="432" />
    <size key="GridCell.Tab.1.center.0.0.1920.1200@120dpi" width="1818" height="432" />
    <size key="GridCell.Tab.1.right.0.0.1920.1200@120dpi" width="1818" height="432" />
    <size key="GridCell.Tab.1.bottom.0.0.1920.1200@120dpi" width="1818" height="432" />
    <size key="GridCell.Tab.2.left.0.0.1920.1200@120dpi" width="1818" height="432" />
    <size key="GridCell.Tab.2.center.0.0.1920.1200@120dpi" width="1818" height="432" />
    <size key="GridCell.Tab.2.right.0.0.1920.1200@120dpi" width="1818" height="432" />
    <size key="GridCell.Tab.2.bottom.0.0.1920.1200@120dpi" width="1818" height="432" />
    <size key="GridCell.Tab.3.left.0.0.1920.1200@120dpi" width="1818" height="432" />
    <size key="GridCell.Tab.3.center.0.0.1920.1200@120dpi" width="1818" height="432" />
    <size key="GridCell.Tab.3.right.0.0.1920.1200@120dpi" width="1818" height="432" />
    <size key="GridCell.Tab.3.bottom.0.0.1920.1200@120dpi" width="1818" height="432" />
    <size key="GridCell.Tab.4.left.0.0.1920.1200@120dpi" width="1818" height="432" />
    <size key="GridCell.Tab.4.center.0.0.1920.1200@120dpi" width="1818" height="432" />
    <size key="GridCell.Tab.4.right.0.0.1920.1200@120dpi" width="1818" height="432" />
    <size key="GridCell.Tab.4.bottom.0.0.1920.1200@120dpi" width="1818" height="432" />
    <size key="GridCell.Tab.5.left.0.0.1920.1200@120dpi" width="1818" height="432" />
    <size key="GridCell.Tab.5.center.0.0.1920.1200@120dpi" width="1818" height="432" />
    <size key="GridCell.Tab.5.right.0.0.1920.1200@120dpi" width="1818" height="432" />
    <size key="GridCell.Tab.5.bottom.0.0.1920.1200@120dpi" width="1818" height="432" />
    <size key="find.popup.0.0.1920.1200@120dpi" width="835" height="1050" />
  </component>
  <component name="WindowManager">
    <frame x="-10" y="-10" width="1933" height="1153" extendedState="6" />
  </component>
  <component name="WindowStateApplicationService">
    <state width="991" height="387" key="ShowUsagesActions.dimensionServiceKey" timestamp="1746458241915">
      <screen x="0" y="0" width="1536" height="912" />
    </state>
    <state width="991" height="387" key="ShowUsagesActions.dimensionServiceKey/1920.0.1366.708/0.0.1536.912" timestamp="1746458241915" />
  </component>
</application>